score_band,total_accounts,defaults,default_rate,default_rate_pct
1. Excellent (800-850),2902,46,0.015851137146795313,1.5851137146795313
2. Very Good (740-799),1125,67,0.059555555555555556,5.955555555555556
3. Good (670-739),647,77,0.11901081916537867,11.901081916537867
4. Fair (580-669),386,97,0.25129533678756477,25.129533678756477
5. Poor (300-579),1276,1078,0.8448275862068966,84.48275862068965
